"Symbol","Company","Industry","Purpose","BoardMeetingDate"
"HCLTECH","HCL Technologies Limited","-","Financial Results/Dividend","17-Jan-2020"
"HDFCBANK","HDFC Bank Limited","-","Financial Results","18-Jan-2020"
"ICICIPRULI","ICICI Prudential Life Insurance Company Limited","-","Financial Results","21-Jan-2020"
"AXISBANK","Axis Bank Limited","-","Financial Results","22-Jan-2020"
"ICICIBANK","ICICI Bank Limited","-","Financial Results","25-Jan-2020"
"DRREDDY","Dr. Reddy's Laboratories Limited","-","Financial Results","27-Jan-2020"
"HDFC","Housing Development Finance Corporation Limited","-","Financial Results/Fund Raising","27-Jan-2020"
"RAMCOCEM","The Ramco Cements Limited","-","Financial Results","29-Jan-2020"
"COLPAL","Colgate Palmolive (India) Limited","-","Financial Results","30-Jan-2020"
"DABUR","Dabur India Limited","-","Financial Results","30-Jan-2020"
"DABUR","Dabur India Limited","-","Financial Results","30-Jan-2020"
"BERGEPAINT","Berger Paints (I) Limited","-","Financial Results","05-Feb-2020"
"APOLLOHOSP","Apollo Hospitals Enterprise Limited","-","Financial Results","13-Feb-2020"
